City_ID,City,Country,Date,Lat,Lng,Max Temp,Humidity,Cloudiness,Wind Speed
0,Mataura,GB,2017-01-30 15:20:00,51.51,-0.13,281.15,81,90,4.1
1,Punta Arenas,GB,2017-01-30 15:20:00,51.51,-0.13,281.15,81,90,4.1
2,Bagdarin,GB,2017-01-30 15:20:00,51.51,-0.13,281.15,81,90,4.1
3,Maceio,GB,2017-01-30 15:20:00,51.51,-0.13,281.15,81,90,4.1
4,Mount Gambier,GB,2017-01-30 15:20:00,51.51,-0.13,281.15,81,90,4.1
5,Qaanaaq,GB,2017-01-30 15:20:00,51.51,-0.13,281.15,81,90,4.1
6,Khatanga,GB,2017-01-30 15:20:00,51.51,-0.13,281.15,81,90,4.1
7,Pimentel,GB,2017-01-30 15:20:00,51.51,-0.13,281.15,81,90,4.1
8,Yumen,GB,2017-01-30 15:20:00,51.51,-0.13,281.15,81,90,4.1
9,Amderma,GB,2017-01-30 15:20:00,51.51,-0.13,281.15,81,90,4.1
10,Rikitea,GB,2017-01-30 15:20:00,51.51,-0.13,281.15,81,90,4.1
11,Katsuura,GB,2017-01-30 15:20:00,51.51,-0.13,281.15,81,90,4.1
12,Chongwe,GB,2017-01-30 15:20:00,51.51,-0.13,281.15,81,90,4.1
13,Faanui,GB,2017-01-30 15:20:00,51.51,-0.13,281.15,81,90,4.1
14,Vaitupu,GB,2017-01-30 15:20:00,51.51,-0.13,281.15,81,90,4.1
15,Tasiilaq,GB,2017-01-30 15:20:00,51.51,-0.13,281.15,81,90,4.1
16,Adre,GB,2017-01-30 15:20:00,51.51,-0.13,281.15,81,90,4.1
17,Ostrovnoy,GB,2017-01-30 15:20:00,51.51,-0.13,281.15,81,90,4.1
18,Abbeville,GB,2017-01-30 15:20:00,51.51,-0.13,281.15,81,90,4.1
19,Busselton,GB,2017-01-30 15:20:00,51.51,-0.13,281.15,81,90,4.1
20,Lucapa,GB,2017-01-30 15:20:00,51.51,-0.13,281.15,81,90,4.1
21,Hyeres,GB,2017-01-30 15:20:00,51.51,-0.13,281.15,81,90,4.1
22,Merrill,GB,2017-01-30 15:20:00,51.51,-0.13,281.15,81,90,4.1
23,Albany,GB,2017-01-30 15:20:00,51.51,-0.13,281.15,81,90,4.1
24,Kamaishi,GB,2017-01-30 15:20:00,51.51,-0.13,281.15,81,90,4.1
25,Batesville,GB,2017-01-30 15:20:00,51.51,-0.13,281.15,81,90,4.1
26,Hobart,GB,2017-01-30 15:20:00,51.51,-0.13,281.15,81,90,4.1
27,Port Alfred,GB,2017-01-30 15:20:00,51.51,-0.13,281.15,81,90,4.1
28,Barrow,GB,2017-01-30 15:20:00,51.51,-0.13,281.15,81,90,4.1
29,Victoria,GB,2017-01-30 15:20:00,51.51,-0.13,281.15,81,90,4.1
30,Touros,GB,2017-01-30 15:20:00,51.51,-0.13,281.15,81,90,4.1
31,Cap-Aux-Meules,GB,2017-01-30 15:20:00,51.51,-0.13,281.15,81,90,4.1
32,Ambon,GB,2017-01-30 15:20:00,51.51,-0.13,281.15,81,90,4.1
33,Constancia,GB,2017-01-30 15:20:00,51.51,-0.13,281.15,81,90,4.1
34,Barinas,GB,2017-01-30 15:20:00,51.51,-0.13,281.15,81,90,4.1
35,Georgetown,GB,2017-01-30 15:20:00,51.51,-0.13,281.15,81,90,4.1
36,Airai,GB,2017-01-30 15:20:00,51.51,-0.13,281.15,81,90,4.1
37,Taolanaro,GB,2017-01-30 15:20:00,51.51,-0.13,281.15,81,90,4.1
38,Santiago Del Estero,GB,2017-01-30 15:20:00,51.51,-0.13,281.15,81,90,4.1
39,Vaini,GB,2017-01-30 15:20:00,51.51,-0.13,281.15,81,90,4.1
40,Souillac,GB,2017-01-30 15:20:00,51.51,-0.13,281.15,81,90,4.1
41,Malia,GB,2017-01-30 15:20:00,51.51,-0.13,281.15,81,90,4.1
42,Ushuaia,GB,2017-01-30 15:20:00,51.51,-0.13,281.15,81,90,4.1
43,Saskylakh,GB,2017-01-30 15:20:00,51.51,-0.13,281.15,81,90,4.1
44,Port Macquarie,GB,2017-01-30 15:20:00,51.51,-0.13,281.15,81,90,4.1
45,Bredasdorp,GB,2017-01-30 15:20:00,51.51,-0.13,281.15,81,90,4.1
46,Muroto,GB,2017-01-30 15:20:00,51.51,-0.13,281.15,81,90,4.1
47,Jamestown,GB,2017-01-30 15:20:00,51.51,-0.13,281.15,81,90,4.1
48,Puerto Ayora,GB,2017-01-30 15:20:00,51.51,-0.13,281.15,81,90,4.1
49,Sibenik,GB,2017-01-30 15:20:00,51.51,-0.13,281.15,81,90,4.1
50,Talcahuano,GB,2017-01-30 15:20:00,51.51,-0.13,281.15,81,90,4.1
51,Kalemie,GB,2017-01-30 15:20:00,51.51,-0.13,281.15,81,90,4.1
52,Thunder Bay,GB,2017-01-30 15:20:00,51.51,-0.13,281.15,81,90,4.1
53,Torbay,GB,2017-01-30 15:20:00,51.51,-0.13,281.15,81,90,4.1
54,Chuy,GB,2017-01-30 15:20:00,51.51,-0.13,281.15,81,90,4.1
55,Hilo,GB,2017-01-30 15:20:00,51.51,-0.13,281.15,81,90,4.1
56,Takanabe,GB,2017-01-30 15:20:00,51.51,-0.13,281.15,81,90,4.1
57,Berlevag,GB,2017-01-30 15:20:00,51.51,-0.13,281.15,81,90,4.1
58,Chimoio,GB,2017-01-30 15:20:00,51.51,-0.13,281.15,81,90,4.1
59,Mvangue,GB,2017-01-30 15:20:00,51.51,-0.13,281.15,81,90,4.1
60,Cap Malheureux,GB,2017-01-30 15:20:00,51.51,-0.13,281.15,81,90,4.1
61,Esperance,GB,2017-01-30 15:20:00,51.51,-0.13,281.15,81,90,4.1
62,Umzimvubu,GB,2017-01-30 15:20:00,51.51,-0.13,281.15,81,90,4.1
63,Pisco,GB,2017-01-30 15:20:00,51.51,-0.13,281.15,81,90,4.1
64,Hovd,GB,2017-01-30 15:20:00,51.51,-0.13,281.15,81,90,4.1
65,Mantua,GB,2017-01-30 15:20:00,51.51,-0.13,281.15,81,90,4.1
66,San Cristobal,GB,2017-01-30 15:20:00,51.51,-0.13,281.15,81,90,4.1
67,Illoqqortoormiut,GB,2017-01-30 15:20:00,51.51,-0.13,281.15,81,90,4.1
68,Arraial Do Cabo,GB,2017-01-30 15:20:00,51.51,-0.13,281.15,81,90,4.1
69,Bibiani,GB,2017-01-30 15:20:00,51.51,-0.13,281.15,81,90,4.1
70,Suba,GB,2017-01-30 15:20:00,51.51,-0.13,281.15,81,90,4.1
71,Barranca,GB,2017-01-30 15:20:00,51.51,-0.13,281.15,81,90,4.1
72,Bandarbeyla,GB,2017-01-30 15:20:00,51.51,-0.13,281.15,81,90,4.1
73,Aklavik,GB,2017-01-30 15:20:00,51.51,-0.13,281.15,81,90,4.1
74,Atuona,GB,2017-01-30 15:20:00,51.51,-0.13,281.15,81,90,4.1
75,Murgab,GB,2017-01-30 15:20:00,51.51,-0.13,281.15,81,90,4.1
76,San Patricio,GB,2017-01-30 15:20:00,51.51,-0.13,281.15,81,90,4.1
77,Koslan,GB,2017-01-30 15:20:00,51.51,-0.13,281.15,81,90,4.1
78,Inza,GB,2017-01-30 15:20:00,51.51,-0.13,281.15,81,90,4.1
79,Saint-Philippe,GB,2017-01-30 15:20:00,51.51,-0.13,281.15,81,90,4.1
80,Hermanus,GB,2017-01-30 15:20:00,51.51,-0.13,281.15,81,90,4.1
81,Geraldton,GB,2017-01-30 15:20:00,51.51,-0.13,281.15,81,90,4.1
82,Comodoro Rivadavia,GB,2017-01-30 15:20:00,51.51,-0.13,281.15,81,90,4.1
83,Yangambi,GB,2017-01-30 15:20:00,51.51,-0.13,281.15,81,90,4.1
84,Port Elizabeth,GB,2017-01-30 15:20:00,51.51,-0.13,281.15,81,90,4.1
85,Tura,GB,2017-01-30 15:20:00,51.51,-0.13,281.15,81,90,4.1
86,Thompson,GB,2017-01-30 15:20:00,51.51,-0.13,281.15,81,90,4.1
87,Lompoc,GB,2017-01-30 15:20:00,51.51,-0.13,281.15,81,90,4.1
88,Atar,GB,2017-01-30 15:20:00,51.51,-0.13,281.15,81,90,4.1
89,Harper,GB,2017-01-30 15:20:00,51.51,-0.13,281.15,81,90,4.1
90,Petropavlovsk-Kamchatskiy,GB,2017-01-30 15:20:00,51.51,-0.13,281.15,81,90,4.1
91,Butaritari,GB,2017-01-30 15:20:00,51.51,-0.13,281.15,81,90,4.1
92,Asau,GB,2017-01-30 15:20:00,51.51,-0.13,281.15,81,90,4.1
93,New Norfolk,GB,2017-01-30 15:20:00,51.51,-0.13,281.15,81,90,4.1
94,Tsihombe,GB,2017-01-30 15:20:00,51.51,-0.13,281.15,81,90,4.1
95,Le Port,GB,2017-01-30 15:20:00,51.51,-0.13,281.15,81,90,4.1
96,Husavik,GB,2017-01-30 15:20:00,51.51,-0.13,281.15,81,90,4.1
97,Yurino,GB,2017-01-30 15:20:00,51.51,-0.13,281.15,81,90,4.1
98,Salinas,GB,2017-01-30 15:20:00,51.51,-0.13,281.15,81,90,4.1
99,Beringovskiy,GB,2017-01-30 15:20:00,51.51,-0.13,281.15,81,90,4.1
100,Susangerd,GB,2017-01-30 15:20:00,51.51,-0.13,281.15,81,90,4.1
101,Salinopolis,GB,2017-01-30 15:20:00,51.51,-0.13,281.15,81,90,4.1
102,Walvis Bay,GB,2017-01-30 15:20:00,51.51,-0.13,281.15,81,90,4.1
103,Bilibino,GB,2017-01-30 15:20:00,51.51,-0.13,281.15,81,90,4.1
104,Lexington,GB,2017-01-30 15:20:00,51.51,-0.13,281.15,81,90,4.1
105,Mayumba,GB,2017-01-30 15:20:00,51.51,-0.13,281.15,81,90,4.1
106,Matara,GB,2017-01-30 15:20:00,51.51,-0.13,281.15,81,90,4.1
107,Bluff,GB,2017-01-30 15:20:00,51.51,-0.13,281.15,81,90,4.1
108,Half Moon Bay,GB,2017-01-30 15:20:00,51.51,-0.13,281.15,81,90,4.1
109,Avarua,GB,2017-01-30 15:20:00,51.51,-0.13,281.15,81,90,4.1
110,Nishihara,GB,2017-01-30 15:20:00,51.51,-0.13,281.15,81,90,4.1
111,Mahebourg,GB,2017-01-30 15:20:00,51.51,-0.13,281.15,81,90,4.1
112,Muros,GB,2017-01-30 15:20:00,51.51,-0.13,281.15,81,90,4.1
113,Rawannawi,GB,2017-01-30 15:20:00,51.51,-0.13,281.15,81,90,4.1
114,Hithadhoo,GB,2017-01-30 15:20:00,51.51,-0.13,281.15,81,90,4.1
115,Vardo,GB,2017-01-30 15:20:00,51.51,-0.13,281.15,81,90,4.1
116,Sitka,GB,2017-01-30 15:20:00,51.51,-0.13,281.15,81,90,4.1
117,Hodac,GB,2017-01-30 15:20:00,51.51,-0.13,281.15,81,90,4.1
118,Utiroa,GB,2017-01-30 15:20:00,51.51,-0.13,281.15,81,90,4.1
119,Lorengau,GB,2017-01-30 15:20:00,51.51,-0.13,281.15,81,90,4.1
120,Coquimbo,GB,2017-01-30 15:20:00,51.51,-0.13,281.15,81,90,4.1
121,Asasa,GB,2017-01-30 15:20:00,51.51,-0.13,281.15,81,90,4.1
122,Road Town,GB,2017-01-30 15:20:00,51.51,-0.13,281.15,81,90,4.1
123,Okhotsk,GB,2017-01-30 15:20:00,51.51,-0.13,281.15,81,90,4.1
124,Upernavik,GB,2017-01-30 15:20:00,51.51,-0.13,281.15,81,90,4.1
125,Whitehorse,GB,2017-01-30 15:20:00,51.51,-0.13,281.15,81,90,4.1
126,Samarai,GB,2017-01-30 15:20:00,51.51,-0.13,281.15,81,90,4.1
127,Santa Rosa,GB,2017-01-30 15:20:00,51.51,-0.13,281.15,81,90,4.1
128,Hastings,GB,2017-01-30 15:20:00,51.51,-0.13,281.15,81,90,4.1
129,Chokurdakh,GB,2017-01-30 15:20:00,51.51,-0.13,281.15,81,90,4.1
130,Batagay,GB,2017-01-30 15:20:00,51.51,-0.13,281.15,81,90,4.1
131,Kazalinsk,GB,2017-01-30 15:20:00,51.51,-0.13,281.15,81,90,4.1
132,Bethel,GB,2017-01-30 15:20:00,51.51,-0.13,281.15,81,90,4.1
133,Port Blair,GB,2017-01-30 15:20:00,51.51,-0.13,281.15,81,90,4.1
134,Lasem,GB,2017-01-30 15:20:00,51.51,-0.13,281.15,81,90,4.1
135,Sao Joao Da Barra,GB,2017-01-30 15:20:00,51.51,-0.13,281.15,81,90,4.1
136,Grand Gaube,GB,2017-01-30 15:20:00,51.51,-0.13,281.15,81,90,4.1
137,Rudbar,GB,2017-01-30 15:20:00,51.51,-0.13,281.15,81,90,4.1
138,Vila Franca Do Campo,GB,2017-01-30 15:20:00,51.51,-0.13,281.15,81,90,4.1
139,Tiksi,GB,2017-01-30 15:20:00,51.51,-0.13,281.15,81,90,4.1
140,Teahupoo,GB,2017-01-30 15:20:00,51.51,-0.13,281.15,81,90,4.1
141,Itoman,GB,2017-01-30 15:20:00,51.51,-0.13,281.15,81,90,4.1
142,Saint-Augustin,GB,2017-01-30 15:20:00,51.51,-0.13,281.15,81,90,4.1
143,Tumannyy,GB,2017-01-30 15:20:00,51.51,-0.13,281.15,81,90,4.1
144,Pizarro,GB,2017-01-30 15:20:00,51.51,-0.13,281.15,81,90,4.1
145,Barsovo,GB,2017-01-30 15:20:00,51.51,-0.13,281.15,81,90,4.1
146,Manggar,GB,2017-01-30 15:20:00,51.51,-0.13,281.15,81,90,4.1
147,Kiama,GB,2017-01-30 15:20:00,51.51,-0.13,281.15,81,90,4.1
148,Atambua,GB,2017-01-30 15:20:00,51.51,-0.13,281.15,81,90,4.1
149,Kruisfontein,GB,2017-01-30 15:20:00,51.51,-0.13,281.15,81,90,4.1
150,Sinjah,GB,2017-01-30 15:20:00,51.51,-0.13,281.15,81,90,4.1
151,Nynashamn,GB,2017-01-30 15:20:00,51.51,-0.13,281.15,81,90,4.1
152,Ponta Do Sol,GB,2017-01-30 15:20:00,51.51,-0.13,281.15,81,90,4.1
153,Carnarvon,GB,2017-01-30 15:20:00,51.51,-0.13,281.15,81,90,4.1
154,Doume,GB,2017-01-30 15:20:00,51.51,-0.13,281.15,81,90,4.1
155,Castro,GB,2017-01-30 15:20:00,51.51,-0.13,281.15,81,90,4.1
156,Chifeng,GB,2017-01-30 15:20:00,51.51,-0.13,281.15,81,90,4.1
157,Mar Del Plata,GB,2017-01-30 15:20:00,51.51,-0.13,281.15,81,90,4.1
158,Roald,GB,2017-01-30 15:20:00,51.51,-0.13,281.15,81,90,4.1
159,Bambous Virieux,GB,2017-01-30 15:20:00,51.51,-0.13,281.15,81,90,4.1
160,Matagami,GB,2017-01-30 15:20:00,51.51,-0.13,281.15,81,90,4.1
161,Leningradskiy,GB,2017-01-30 15:20:00,51.51,-0.13,281.15,81,90,4.1
162,Smithers,GB,2017-01-30 15:20:00,51.51,-0.13,281.15,81,90,4.1
163,Labutta,GB,2017-01-30 15:20:00,51.51,-0.13,281.15,81,90,4.1
164,Havelock,GB,2017-01-30 15:20:00,51.51,-0.13,281.15,81,90,4.1
165,Novyy Urengoy,GB,2017-01-30 15:20:00,51.51,-0.13,281.15,81,90,4.1
166,Qui Nhon,GB,2017-01-30 15:20:00,51.51,-0.13,281.15,81,90,4.1
167,Provideniya,GB,2017-01-30 15:20:00,51.51,-0.13,281.15,81,90,4.1
168,Alice Springs,GB,2017-01-30 15:20:00,51.51,-0.13,281.15,81,90,4.1
169,Kodiak,GB,2017-01-30 15:20:00,51.51,-0.13,281.15,81,90,4.1
170,Marsa Matruh,GB,2017-01-30 15:20:00,51.51,-0.13,281.15,81,90,4.1
171,Gore,GB,2017-01-30 15:20:00,51.51,-0.13,281.15,81,90,4.1
172,Santa Engracia,GB,2017-01-30 15:20:00,51.51,-0.13,281.15,81,90,4.1
173,Pevek,GB,2017-01-30 15:20:00,51.51,-0.13,281.15,81,90,4.1
174,Tochio,GB,2017-01-30 15:20:00,51.51,-0.13,281.15,81,90,4.1
175,Yellowknife,GB,2017-01-30 15:20:00,51.51,-0.13,281.15,81,90,4.1
176,Lebu,GB,2017-01-30 15:20:00,51.51,-0.13,281.15,81,90,4.1
177,Inta,GB,2017-01-30 15:20:00,51.51,-0.13,281.15,81,90,4.1
178,Salto,GB,2017-01-30 15:20:00,51.51,-0.13,281.15,81,90,4.1
179,Gigmoto,GB,2017-01-30 15:20:00,51.51,-0.13,281.15,81,90,4.1
180,Kaitangata,GB,2017-01-30 15:20:00,51.51,-0.13,281.15,81,90,4.1
181,Issia,GB,2017-01-30 15:20:00,51.51,-0.13,281.15,81,90,4.1
182,Lumsden,GB,2017-01-30 15:20:00,51.51,-0.13,281.15,81,90,4.1
183,Saleaula,GB,2017-01-30 15:20:00,51.51,-0.13,281.15,81,90,4.1
184,Cidreira,GB,2017-01-30 15:20:00,51.51,-0.13,281.15,81,90,4.1
185,Uskedal,GB,2017-01-30 15:20:00,51.51,-0.13,281.15,81,90,4.1
186,Opuwo,GB,2017-01-30 15:20:00,51.51,-0.13,281.15,81,90,4.1
187,Cape Town,GB,2017-01-30 15:20:00,51.51,-0.13,281.15,81,90,4.1
188,Sassandra,GB,2017-01-30 15:20:00,51.51,-0.13,281.15,81,90,4.1
189,Klaksvik,GB,2017-01-30 15:20:00,51.51,-0.13,281.15,81,90,4.1
190,Cabo San Lucas,GB,2017-01-30 15:20:00,51.51,-0.13,281.15,81,90,4.1
191,Tucuma,GB,2017-01-30 15:20:00,51.51,-0.13,281.15,81,90,4.1
192,Butembo,GB,2017-01-30 15:20:00,51.51,-0.13,281.15,81,90,4.1
193,Bengkulu,GB,2017-01-30 15:20:00,51.51,-0.13,281.15,81,90,4.1
194,Ikungi,GB,2017-01-30 15:20:00,51.51,-0.13,281.15,81,90,4.1
195,Kawalu,GB,2017-01-30 15:20:00,51.51,-0.13,281.15,81,90,4.1
196,Wanning,GB,2017-01-30 15:20:00,51.51,-0.13,281.15,81,90,4.1
197,Deputatskiy,GB,2017-01-30 15:20:00,51.51,-0.13,281.15,81,90,4.1
198,Korla,GB,2017-01-30 15:20:00,51.51,-0.13,281.15,81,90,4.1
199,Chapais,GB,2017-01-30 15:20:00,51.51,-0.13,281.15,81,90,4.1
200,Estelle,GB,2017-01-30 15:20:00,51.51,-0.13,281.15,81,90,4.1
201,Laiyang,GB,2017-01-30 15:20:00,51.51,-0.13,281.15,81,90,4.1
202,Kavaratti,GB,2017-01-30 15:20:00,51.51,-0.13,281.15,81,90,4.1
203,Tuktoyaktuk,GB,2017-01-30 15:20:00,51.51,-0.13,281.15,81,90,4.1
204,Hernani,GB,2017-01-30 15:20:00,51.51,-0.13,281.15,81,90,4.1
205,Batagay-Alyta,GB,2017-01-30 15:20:00,51.51,-0.13,281.15,81,90,4.1
206,Marzuq,GB,2017-01-30 15:20:00,51.51,-0.13,281.15,81,90,4.1
207,Dudinka,GB,2017-01-30 15:20:00,51.51,-0.13,281.15,81,90,4.1
208,Kieta,GB,2017-01-30 15:20:00,51.51,-0.13,281.15,81,90,4.1
209,Channel-Port Aux Basques,GB,2017-01-30 15:20:00,51.51,-0.13,281.15,81,90,4.1
210,Beinamar,GB,2017-01-30 15:20:00,51.51,-0.13,281.15,81,90,4.1
211,Codrington,GB,2017-01-30 15:20:00,51.51,-0.13,281.15,81,90,4.1
212,Verkhnyaya Inta,GB,2017-01-30 15:20:00,51.51,-0.13,281.15,81,90,4.1
213,Duz,GB,2017-01-30 15:20:00,51.51,-0.13,281.15,81,90,4.1
214,Awbari,GB,2017-01-30 15:20:00,51.51,-0.13,281.15,81,90,4.1
215,Nueve De Julio,GB,2017-01-30 15:20:00,51.51,-0.13,281.15,81,90,4.1
216,Zachagansk,GB,2017-01-30 15:20:00,51.51,-0.13,281.15,81,90,4.1
217,Caravelas,GB,2017-01-30 15:20:00,51.51,-0.13,281.15,81,90,4.1
218,Barentsburg,GB,2017-01-30 15:20:00,51.51,-0.13,281.15,81,90,4.1
219,Barstow,GB,2017-01-30 15:20:00,51.51,-0.13,281.15,81,90,4.1
220,Kapaa,GB,2017-01-30 15:20:00,51.51,-0.13,281.15,81,90,4.1
221,Sinkat,GB,2017-01-30 15:20:00,51.51,-0.13,281.15,81,90,4.1
222,Mezen,GB,2017-01-30 15:20:00,51.51,-0.13,281.15,81,90,4.1
223,Tandil,GB,2017-01-30 15:20:00,51.51,-0.13,281.15,81,90,4.1
224,Mvuma,GB,2017-01-30 15:20:00,51.51,-0.13,281.15,81,90,4.1
225,Chicama,GB,2017-01-30 15:20:00,51.51,-0.13,281.15,81,90,4.1
226,Palmer,GB,2017-01-30 15:20:00,51.51,-0.13,281.15,81,90,4.1
227,Strezhevoy,GB,2017-01-30 15:20:00,51.51,-0.13,281.15,81,90,4.1
228,Ngukurr,GB,2017-01-30 15:20:00,51.51,-0.13,281.15,81,90,4.1
229,Tobetsu,GB,2017-01-30 15:20:00,51.51,-0.13,281.15,81,90,4.1
230,Lasa,GB,2017-01-30 15:20:00,51.51,-0.13,281.15,81,90,4.1
231,Nanortalik,GB,2017-01-30 15:20:00,51.51,-0.13,281.15,81,90,4.1
232,Beian,GB,2017-01-30 15:20:00,51.51,-0.13,281.15,81,90,4.1
233,Black Forest,GB,2017-01-30 15:20:00,51.51,-0.13,281.15,81,90,4.1
234,Ballina,GB,2017-01-30 15:20:00,51.51,-0.13,281.15,81,90,4.1
235,Sonoita,GB,2017-01-30 15:20:00,51.51,-0.13,281.15,81,90,4.1
236,Vitimskiy,GB,2017-01-30 15:20:00,51.51,-0.13,281.15,81,90,4.1
237,Bur Gabo,GB,2017-01-30 15:20:00,51.51,-0.13,281.15,81,90,4.1
238,Maraba,GB,2017-01-30 15:20:00,51.51,-0.13,281.15,81,90,4.1
239,Port Hardy,GB,2017-01-30 15:20:00,51.51,-0.13,281.15,81,90,4.1
240,Aksarka,GB,2017-01-30 15:20:00,51.51,-0.13,281.15,81,90,4.1
241,Banda Aceh,GB,2017-01-30 15:20:00,51.51,-0.13,281.15,81,90,4.1
242,Kaseda,GB,2017-01-30 15:20:00,51.51,-0.13,281.15,81,90,4.1
243,Puerto Baquerizo Moreno,GB,2017-01-30 15:20:00,51.51,-0.13,281.15,81,90,4.1
244,Fairbanks,GB,2017-01-30 15:20:00,51.51,-0.13,281.15,81,90,4.1
245,East London,GB,2017-01-30 15:20:00,51.51,-0.13,281.15,81,90,4.1
246,Severo-Kurilsk,GB,2017-01-30 15:20:00,51.51,-0.13,281.15,81,90,4.1
247,Ilulissat,GB,2017-01-30 15:20:00,51.51,-0.13,281.15,81,90,4.1
248,Fatezh,GB,2017-01-30 15:20:00,51.51,-0.13,281.15,81,90,4.1
249,Fort Nelson,GB,2017-01-30 15:20:00,51.51,-0.13,281.15,81,90,4.1
250,Barcelona,GB,2017-01-30 15:20:00,51.51,-0.13,281.15,81,90,4.1
251,Hihifo,GB,2017-01-30 15:20:00,51.51,-0.13,281.15,81,90,4.1
252,Grindavik,GB,2017-01-30 15:20:00,51.51,-0.13,281.15,81,90,4.1
253,Dolores,GB,2017-01-30 15:20:00,51.51,-0.13,281.15,81,90,4.1
254,Mamallapuram,GB,2017-01-30 15:20:00,51.51,-0.13,281.15,81,90,4.1
255,Narsaq,GB,2017-01-30 15:20:00,51.51,-0.13,281.15,81,90,4.1
256,Camana,GB,2017-01-30 15:20:00,51.51,-0.13,281.15,81,90,4.1
257,Pitimbu,GB,2017-01-30 15:20:00,51.51,-0.13,281.15,81,90,4.1
258,Hay River,GB,2017-01-30 15:20:00,51.51,-0.13,281.15,81,90,4.1
259,Dikson,GB,2017-01-30 15:20:00,51.51,-0.13,281.15,81,90,4.1
260,Tateyama,GB,2017-01-30 15:20:00,51.51,-0.13,281.15,81,90,4.1
261,Javanrud,GB,2017-01-30 15:20:00,51.51,-0.13,281.15,81,90,4.1
262,Hasaki,GB,2017-01-30 15:20:00,51.51,-0.13,281.15,81,90,4.1
263,Cockburn Town,GB,2017-01-30 15:20:00,51.51,-0.13,281.15,81,90,4.1
264,Nizhneyansk,GB,2017-01-30 15:20:00,51.51,-0.13,281.15,81,90,4.1
265,Iqaluit,GB,2017-01-30 15:20:00,51.51,-0.13,281.15,81,90,4.1
266,Vila Velha,GB,2017-01-30 15:20:00,51.51,-0.13,281.15,81,90,4.1
267,Kamenskoye,GB,2017-01-30 15:20:00,51.51,-0.13,281.15,81,90,4.1
268,Ribeira Grande,GB,2017-01-30 15:20:00,51.51,-0.13,281.15,81,90,4.1
269,Tahta,GB,2017-01-30 15:20:00,51.51,-0.13,281.15,81,90,4.1
270,Naze,GB,2017-01-30 15:20:00,51.51,-0.13,281.15,81,90,4.1
271,Raisinghnagar,GB,2017-01-30 15:20:00,51.51,-0.13,281.15,81,90,4.1
272,Meulaboh,GB,2017-01-30 15:20:00,51.51,-0.13,281.15,81,90,4.1
273,Vincennes,GB,2017-01-30 15:20:00,51.51,-0.13,281.15,81,90,4.1
274,Maningrida,GB,2017-01-30 15:20:00,51.51,-0.13,281.15,81,90,4.1
275,Paoua,GB,2017-01-30 15:20:00,51.51,-0.13,281.15,81,90,4.1
276,Kavieng,GB,2017-01-30 15:20:00,51.51,-0.13,281.15,81,90,4.1
277,Pangnirtung,GB,2017-01-30 15:20:00,51.51,-0.13,281.15,81,90,4.1
278,Tabas,GB,2017-01-30 15:20:00,51.51,-0.13,281.15,81,90,4.1
279,Dauriya,GB,2017-01-30 15:20:00,51.51,-0.13,281.15,81,90,4.1
280,Torbat-E Jam,GB,2017-01-30 15:20:00,51.51,-0.13,281.15,81,90,4.1
281,Eureka,GB,2017-01-30 15:20:00,51.51,-0.13,281.15,81,90,4.1
282,Nikolskoye,GB,2017-01-30 15:20:00,51.51,-0.13,281.15,81,90,4.1
283,Vostok,GB,2017-01-30 15:20:00,51.51,-0.13,281.15,81,90,4.1
284,Manitouwadge,GB,2017-01-30 15:20:00,51.51,-0.13,281.15,81,90,4.1
285,Vao,GB,2017-01-30 15:20:00,51.51,-0.13,281.15,81,90,4.1
286,Bugiri,GB,2017-01-30 15:20:00,51.51,-0.13,281.15,81,90,4.1
287,Biak,GB,2017-01-30 15:20:00,51.51,-0.13,281.15,81,90,4.1
288,General Pico,GB,2017-01-30 15:20:00,51.51,-0.13,281.15,81,90,4.1
289,San Policarpo,GB,2017-01-30 15:20:00,51.51,-0.13,281.15,81,90,4.1
290,San Cosme Y Damian,GB,2017-01-30 15:20:00,51.51,-0.13,281.15,81,90,4.1
291,Bonito,GB,2017-01-30 15:20:00,51.51,-0.13,281.15,81,90,4.1
292,Sulangan,GB,2017-01-30 15:20:00,51.51,-0.13,281.15,81,90,4.1
293,Marcona,GB,2017-01-30 15:20:00,51.51,-0.13,281.15,81,90,4.1
294,Taoudenni,GB,2017-01-30 15:20:00,51.51,-0.13,281.15,81,90,4.1
295,Chima,GB,2017-01-30 15:20:00,51.51,-0.13,281.15,81,90,4.1
296,Luderitz,GB,2017-01-30 15:20:00,51.51,-0.13,281.15,81,90,4.1
297,Puerto Escondido,GB,2017-01-30 15:20:00,51.51,-0.13,281.15,81,90,4.1
298,La Asuncion,GB,2017-01-30 15:20:00,51.51,-0.13,281.15,81,90,4.1
299,Yar-Sale,GB,2017-01-30 15:20:00,51.51,-0.13,281.15,81,90,4.1
300,Shellbrook,GB,2017-01-30 15:20:00,51.51,-0.13,281.15,81,90,4.1
301,Talara,GB,2017-01-30 15:20:00,51.51,-0.13,281.15,81,90,4.1
302,Ahipara,GB,2017-01-30 15:20:00,51.51,-0.13,281.15,81,90,4.1
303,Bayanday,GB,2017-01-30 15:20:00,51.51,-0.13,281.15,81,90,4.1
304,Sorland,GB,2017-01-30 15:20:00,51.51,-0.13,281.15,81,90,4.1
305,Tautira,GB,2017-01-30 15:20:00,51.51,-0.13,281.15,81,90,4.1
306,Ende,GB,2017-01-30 15:20:00,51.51,-0.13,281.15,81,90,4.1
307,Henties Bay,GB,2017-01-30 15:20:00,51.51,-0.13,281.15,81,90,4.1
308,Sobolevo,GB,2017-01-30 15:20:00,51.51,-0.13,281.15,81,90,4.1
309,Khovu-Aksy,GB,2017-01-30 15:20:00,51.51,-0.13,281.15,81,90,4.1
310,Longyearbyen,GB,2017-01-30 15:20:00,51.51,-0.13,281.15,81,90,4.1
311,Yueyang,GB,2017-01-30 15:20:00,51.51,-0.13,281.15,81,90,4.1
312,Moussoro,GB,2017-01-30 15:20:00,51.51,-0.13,281.15,81,90,4.1
313,Port Hedland,GB,2017-01-30 15:20:00,51.51,-0.13,281.15,81,90,4.1
314,Nhulunbuy,GB,2017-01-30 15:20:00,51.51,-0.13,281.15,81,90,4.1
315,Kahului,GB,2017-01-30 15:20:00,51.51,-0.13,281.15,81,90,4.1
316,Haines Junction,GB,2017-01-30 15:20:00,51.51,-0.13,281.15,81,90,4.1
317,Te Anau,GB,2017-01-30 15:20:00,51.51,-0.13,281.15,81,90,4.1
318,Marquette,GB,2017-01-30 15:20:00,51.51,-0.13,281.15,81,90,4.1
319,Belushya Guba,GB,2017-01-30 15:20:00,51.51,-0.13,281.15,81,90,4.1
320,Mersing,GB,2017-01-30 15:20:00,51.51,-0.13,281.15,81,90,4.1
321,Spearfish,GB,2017-01-30 15:20:00,51.51,-0.13,281.15,81,90,4.1
322,Shagonar,GB,2017-01-30 15:20:00,51.51,-0.13,281.15,81,90,4.1
323,Micheweni,GB,2017-01-30 15:20:00,51.51,-0.13,281.15,81,90,4.1
324,Galle,GB,2017-01-30 15:20:00,51.51,-0.13,281.15,81,90,4.1
325,Kundiawa,GB,2017-01-30 15:20:00,51.51,-0.13,281.15,81,90,4.1
326,Gambela,GB,2017-01-30 15:20:00,51.51,-0.13,281.15,81,90,4.1
327,Warri,GB,2017-01-30 15:20:00,51.51,-0.13,281.15,81,90,4.1
328,Fomboni,GB,2017-01-30 15:20:00,51.51,-0.13,281.15,81,90,4.1
329,Broome,GB,2017-01-30 15:20:00,51.51,-0.13,281.15,81,90,4.1
330,Phangnga,GB,2017-01-30 15:20:00,51.51,-0.13,281.15,81,90,4.1
331,Puerto Del Rosario,GB,2017-01-30 15:20:00,51.51,-0.13,281.15,81,90,4.1
332,Leu,GB,2017-01-30 15:20:00,51.51,-0.13,281.15,81,90,4.1
333,Prince Rupert,GB,2017-01-30 15:20:00,51.51,-0.13,281.15,81,90,4.1
334,Tuatapere,GB,2017-01-30 15:20:00,51.51,-0.13,281.15,81,90,4.1
335,Baykit,GB,2017-01-30 15:20:00,51.51,-0.13,281.15,81,90,4.1
336,Silvassa,GB,2017-01-30 15:20:00,51.51,-0.13,281.15,81,90,4.1
337,Bilma,GB,2017-01-30 15:20:00,51.51,-0.13,281.15,81,90,4.1
338,Saldanha,GB,2017-01-30 15:20:00,51.51,-0.13,281.15,81,90,4.1
339,Portland,GB,2017-01-30 15:20:00,51.51,-0.13,281.15,81,90,4.1
340,Marawi,GB,2017-01-30 15:20:00,51.51,-0.13,281.15,81,90,4.1
341,Copiapo,GB,2017-01-30 15:20:00,51.51,-0.13,281.15,81,90,4.1
342,Ewa Beach,GB,2017-01-30 15:20:00,51.51,-0.13,281.15,81,90,4.1
343,Manokwari,GB,2017-01-30 15:20:00,51.51,-0.13,281.15,81,90,4.1
344,Bianzhuang,GB,2017-01-30 15:20:00,51.51,-0.13,281.15,81,90,4.1
345,Padang,GB,2017-01-30 15:20:00,51.51,-0.13,281.15,81,90,4.1
346,Tazovskiy,GB,2017-01-30 15:20:00,51.51,-0.13,281.15,81,90,4.1
347,Casimiro De Abreu,GB,2017-01-30 15:20:00,51.51,-0.13,281.15,81,90,4.1
348,Rawson,GB,2017-01-30 15:20:00,51.51,-0.13,281.15,81,90,4.1
349,Torrington,GB,2017-01-30 15:20:00,51.51,-0.13,281.15,81,90,4.1
350,Lagoa,GB,2017-01-30 15:20:00,51.51,-0.13,281.15,81,90,4.1
351,Hualmay,GB,2017-01-30 15:20:00,51.51,-0.13,281.15,81,90,4.1
352,Tsabong,GB,2017-01-30 15:20:00,51.51,-0.13,281.15,81,90,4.1
353,Harker Heights,GB,2017-01-30 15:20:00,51.51,-0.13,281.15,81,90,4.1
354,Acapulco,GB,2017-01-30 15:20:00,51.51,-0.13,281.15,81,90,4.1
355,Lolua,GB,2017-01-30 15:20:00,51.51,-0.13,281.15,81,90,4.1
356,Palu,GB,2017-01-30 15:20:00,51.51,-0.13,281.15,81,90,4.1
357,Shuyskoye,GB,2017-01-30 15:20:00,51.51,-0.13,281.15,81,90,4.1
358,Chagda,GB,2017-01-30 15:20:00,51.51,-0.13,281.15,81,90,4.1
359,Qazax,GB,2017-01-30 15:20:00,51.51,-0.13,281.15,81,90,4.1
360,Mys Shmidta,GB,2017-01-30 15:20:00,51.51,-0.13,281.15,81,90,4.1
361,Maghama,GB,2017-01-30 15:20:00,51.51,-0.13,281.15,81,90,4.1
362,Sibiti,GB,2017-01-30 15:20:00,51.51,-0.13,281.15,81,90,4.1
363,Nautla,GB,2017-01-30 15:20:00,51.51,-0.13,281.15,81,90,4.1
364,Loikaw,GB,2017-01-30 15:20:00,51.51,-0.13,281.15,81,90,4.1
365,Severomorsk,GB,2017-01-30 15:20:00,51.51,-0.13,281.15,81,90,4.1
366,Palabuhanratu,GB,2017-01-30 15:20:00,51.51,-0.13,281.15,81,90,4.1
367,Bintulu,GB,2017-01-30 15:20:00,51.51,-0.13,281.15,81,90,4.1
368,Gumusyaka,GB,2017-01-30 15:20:00,51.51,-0.13,281.15,81,90,4.1
369,Attawapiskat,GB,2017-01-30 15:20:00,51.51,-0.13,281.15,81,90,4.1
370,Aromashevo,GB,2017-01-30 15:20:00,51.51,-0.13,281.15,81,90,4.1
371,Opportunity,GB,2017-01-30 15:20:00,51.51,-0.13,281.15,81,90,4.1
372,Itaituba,GB,2017-01-30 15:20:00,51.51,-0.13,281.15,81,90,4.1
373,The Pas,GB,2017-01-30 15:20:00,51.51,-0.13,281.15,81,90,4.1
374,Havre,GB,2017-01-30 15:20:00,51.51,-0.13,281.15,81,90,4.1
375,Kemijarvi,GB,2017-01-30 15:20:00,51.51,-0.13,281.15,81,90,4.1
376,Moranbah,GB,2017-01-30 15:20:00,51.51,-0.13,281.15,81,90,4.1
377,Trussville,GB,2017-01-30 15:20:00,51.51,-0.13,281.15,81,90,4.1
378,Arroio Grande,GB,2017-01-30 15:20:00,51.51,-0.13,281.15,81,90,4.1
379,Havre-Saint-Pierre,GB,2017-01-30 15:20:00,51.51,-0.13,281.15,81,90,4.1
380,Saryg-Sep,GB,2017-01-30 15:20:00,51.51,-0.13,281.15,81,90,4.1
381,Krasnoselkup,GB,2017-01-30 15:20:00,51.51,-0.13,281.15,81,90,4.1
382,Tambo,GB,2017-01-30 15:20:00,51.51,-0.13,281.15,81,90,4.1
383,Araouane,GB,2017-01-30 15:20:00,51.51,-0.13,281.15,81,90,4.1
384,Gorno-Chuyskiy,GB,2017-01-30 15:20:00,51.51,-0.13,281.15,81,90,4.1
385,Sibu,GB,2017-01-30 15:20:00,51.51,-0.13,281.15,81,90,4.1
386,Kirakira,GB,2017-01-30 15:20:00,51.51,-0.13,281.15,81,90,4.1
387,Sola,GB,2017-01-30 15:20:00,51.51,-0.13,281.15,81,90,4.1
388,Sur,GB,2017-01-30 15:20:00,51.51,-0.13,281.15,81,90,4.1
389,Morant Bay,GB,2017-01-30 15:20:00,51.51,-0.13,281.15,81,90,4.1
390,Kijang,GB,2017-01-30 15:20:00,51.51,-0.13,281.15,81,90,4.1
391,Dongsheng,GB,2017-01-30 15:20:00,51.51,-0.13,281.15,81,90,4.1
392,Isangel,GB,2017-01-30 15:20:00,51.51,-0.13,281.15,81,90,4.1
393,Namibe,GB,2017-01-30 15:20:00,51.51,-0.13,281.15,81,90,4.1
394,Dingle,GB,2017-01-30 15:20:00,51.51,-0.13,281.15,81,90,4.1
395,Nushki,GB,2017-01-30 15:20:00,51.51,-0.13,281.15,81,90,4.1
396,Yerbogachen,GB,2017-01-30 15:20:00,51.51,-0.13,281.15,81,90,4.1
397,Altamont,GB,2017-01-30 15:20:00,51.51,-0.13,281.15,81,90,4.1
398,Jalingo,GB,2017-01-30 15:20:00,51.51,-0.13,281.15,81,90,4.1
399,Novikovo,GB,2017-01-30 15:20:00,51.51,-0.13,281.15,81,90,4.1
400,Loa Janan,GB,2017-01-30 15:20:00,51.51,-0.13,281.15,81,90,4.1
401,Nemuro,GB,2017-01-30 15:20:00,51.51,-0.13,281.15,81,90,4.1
402,Misratah,GB,2017-01-30 15:20:00,51.51,-0.13,281.15,81,90,4.1
403,Margate,GB,2017-01-30 15:20:00,51.51,-0.13,281.15,81,90,4.1
404,Panjab,GB,2017-01-30 15:20:00,51.51,-0.13,281.15,81,90,4.1
405,Blonduos,GB,2017-01-30 15:20:00,51.51,-0.13,281.15,81,90,4.1
406,Yangjiang,GB,2017-01-30 15:20:00,51.51,-0.13,281.15,81,90,4.1
407,Ishigaki,GB,2017-01-30 15:20:00,51.51,-0.13,281.15,81,90,4.1
408,Balud,GB,2017-01-30 15:20:00,51.51,-0.13,281.15,81,90,4.1
409,Flagstaff,GB,2017-01-30 15:20:00,51.51,-0.13,281.15,81,90,4.1
410,Bereda,GB,2017-01-30 15:20:00,51.51,-0.13,281.15,81,90,4.1
411,Santa Cruz,GB,2017-01-30 15:20:00,51.51,-0.13,281.15,81,90,4.1
412,Dwarka,GB,2017-01-30 15:20:00,51.51,-0.13,281.15,81,90,4.1
413,Sabha,GB,2017-01-30 15:20:00,51.51,-0.13,281.15,81,90,4.1
414,Ijaki,GB,2017-01-30 15:20:00,51.51,-0.13,281.15,81,90,4.1
415,San Quintin,GB,2017-01-30 15:20:00,51.51,-0.13,281.15,81,90,4.1
416,Norman Wells,GB,2017-01-30 15:20:00,51.51,-0.13,281.15,81,90,4.1
417,Athabasca,GB,2017-01-30 15:20:00,51.51,-0.13,281.15,81,90,4.1
418,Adrar,GB,2017-01-30 15:20:00,51.51,-0.13,281.15,81,90,4.1
419,Arman,GB,2017-01-30 15:20:00,51.51,-0.13,281.15,81,90,4.1
420,Abay,GB,2017-01-30 15:20:00,51.51,-0.13,281.15,81,90,4.1
421,Tsaratanana,GB,2017-01-30 15:20:00,51.51,-0.13,281.15,81,90,4.1
422,Ust-Kuyga,GB,2017-01-30 15:20:00,51.51,-0.13,281.15,81,90,4.1
423,Poya,GB,2017-01-30 15:20:00,51.51,-0.13,281.15,81,90,4.1
424,Betul,GB,2017-01-30 15:20:00,51.51,-0.13,281.15,81,90,4.1
425,Cherskiy,GB,2017-01-30 15:20:00,51.51,-0.13,281.15,81,90,4.1
426,Sandy Bay,GB,2017-01-30 15:20:00,51.51,-0.13,281.15,81,90,4.1
427,Lakeland,GB,2017-01-30 15:20:00,51.51,-0.13,281.15,81,90,4.1
428,Sechura,GB,2017-01-30 15:20:00,51.51,-0.13,281.15,81,90,4.1
429,Guerrero Negro,GB,2017-01-30 15:20:00,51.51,-0.13,281.15,81,90,4.1
430,Andenes,GB,2017-01-30 15:20:00,51.51,-0.13,281.15,81,90,4.1
431,Jacareacanga,GB,2017-01-30 15:20:00,51.51,-0.13,281.15,81,90,4.1
432,Shkotovo-26,GB,2017-01-30 15:20:00,51.51,-0.13,281.15,81,90,4.1
433,Mayo,GB,2017-01-30 15:20:00,51.51,-0.13,281.15,81,90,4.1
434,Riyadh,GB,2017-01-30 15:20:00,51.51,-0.13,281.15,81,90,4.1
435,Havoysund,GB,2017-01-30 15:20:00,51.51,-0.13,281.15,81,90,4.1
436,Tshikapa,GB,2017-01-30 15:20:00,51.51,-0.13,281.15,81,90,4.1
437,Lavrentiya,GB,2017-01-30 15:20:00,51.51,-0.13,281.15,81,90,4.1
438,Caucaia,GB,2017-01-30 15:20:00,51.51,-0.13,281.15,81,90,4.1
439,Trinidad,GB,2017-01-30 15:20:00,51.51,-0.13,281.15,81,90,4.1
440,Springdale,GB,2017-01-30 15:20:00,51.51,-0.13,281.15,81,90,4.1
441,Belmonte,GB,2017-01-30 15:20:00,51.51,-0.13,281.15,81,90,4.1
442,Hofn,GB,2017-01-30 15:20:00,51.51,-0.13,281.15,81,90,4.1
443,Sataua,GB,2017-01-30 15:20:00,51.51,-0.13,281.15,81,90,4.1
444,Ondjiva,GB,2017-01-30 15:20:00,51.51,-0.13,281.15,81,90,4.1
445,Ust-Ishim,GB,2017-01-30 15:20:00,51.51,-0.13,281.15,81,90,4.1
446,Formiga,GB,2017-01-30 15:20:00,51.51,-0.13,281.15,81,90,4.1
447,Annau,GB,2017-01-30 15:20:00,51.51,-0.13,281.15,81,90,4.1
448,Matamoros,GB,2017-01-30 15:20:00,51.51,-0.13,281.15,81,90,4.1
449,Gharghoda,GB,2017-01-30 15:20:00,51.51,-0.13,281.15,81,90,4.1
450,Komsomolskiy,GB,2017-01-30 15:20:00,51.51,-0.13,281.15,81,90,4.1
451,Kotido,GB,2017-01-30 15:20:00,51.51,-0.13,281.15,81,90,4.1
452,Hobyo,GB,2017-01-30 15:20:00,51.51,-0.13,281.15,81,90,4.1
453,Falun,GB,2017-01-30 15:20:00,51.51,-0.13,281.15,81,90,4.1
454,Luanda,GB,2017-01-30 15:20:00,51.51,-0.13,281.15,81,90,4.1
455,Quelimane,GB,2017-01-30 15:20:00,51.51,-0.13,281.15,81,90,4.1
456,Liwale,GB,2017-01-30 15:20:00,51.51,-0.13,281.15,81,90,4.1
457,Semey,GB,2017-01-30 15:20:00,51.51,-0.13,281.15,81,90,4.1
458,Olenegorsk,GB,2017-01-30 15:20:00,51.51,-0.13,281.15,81,90,4.1
459,Sao Lourenco Do Sul,GB,2017-01-30 15:20:00,51.51,-0.13,281.15,81,90,4.1
460,Umm Lajj,GB,2017-01-30 15:20:00,51.51,-0.13,281.15,81,90,4.1
461,Tahoua,GB,2017-01-30 15:20:00,51.51,-0.13,281.15,81,90,4.1
462,Uthal,GB,2017-01-30 15:20:00,51.51,-0.13,281.15,81,90,4.1
463,Choctaw,GB,2017-01-30 15:20:00,51.51,-0.13,281.15,81,90,4.1
464,Kaa-Khem,GB,2017-01-30 15:20:00,51.51,-0.13,281.15,81,90,4.1
465,Buqayq,GB,2017-01-30 15:20:00,51.51,-0.13,281.15,81,90,4.1
466,Kaili,GB,2017-01-30 15:20:00,51.51,-0.13,281.15,81,90,4.1
467,Saint George,GB,2017-01-30 15:20:00,51.51,-0.13,281.15,81,90,4.1
468,Sentyabrskiy,GB,2017-01-30 15:20:00,51.51,-0.13,281.15,81,90,4.1
469,Honiara,GB,2017-01-30 15:20:00,51.51,-0.13,281.15,81,90,4.1
470,Muli,GB,2017-01-30 15:20:00,51.51,-0.13,281.15,81,90,4.1
471,Grand River South East,GB,2017-01-30 15:20:00,51.51,-0.13,281.15,81,90,4.1
472,Sal Rei,GB,2017-01-30 15:20:00,51.51,-0.13,281.15,81,90,4.1
473,Santa Maria,GB,2017-01-30 15:20:00,51.51,-0.13,281.15,81,90,4.1
474,Honningsvag,GB,2017-01-30 15:20:00,51.51,-0.13,281.15,81,90,4.1
475,Seymchan,GB,2017-01-30 15:20:00,51.51,-0.13,281.15,81,90,4.1
476,Baracoa,GB,2017-01-30 15:20:00,51.51,-0.13,281.15,81,90,4.1
477,Goderich,GB,2017-01-30 15:20:00,51.51,-0.13,281.15,81,90,4.1
478,Urdzhar,GB,2017-01-30 15:20:00,51.51,-0.13,281.15,81,90,4.1
479,Seoul,GB,2017-01-30 15:20:00,51.51,-0.13,281.15,81,90,4.1
480,Svetlaya,GB,2017-01-30 15:20:00,51.51,-0.13,281.15,81,90,4.1
481,Tshane,GB,2017-01-30 15:20:00,51.51,-0.13,281.15,81,90,4.1
482,Antofagasta,GB,2017-01-30 15:20:00,51.51,-0.13,281.15,81,90,4.1
483,Aktau,GB,2017-01-30 15:20:00,51.51,-0.13,281.15,81,90,4.1
484,Zyryanka,GB,2017-01-30 15:20:00,51.51,-0.13,281.15,81,90,4.1
485,Weihe,GB,2017-01-30 15:20:00,51.51,-0.13,281.15,81,90,4.1
486,Thai Binh,GB,2017-01-30 15:20:00,51.51,-0.13,281.15,81,90,4.1
487,America Dourada,GB,2017-01-30 15:20:00,51.51,-0.13,281.15,81,90,4.1
488,Zabaykalsk,GB,2017-01-30 15:20:00,51.51,-0.13,281.15,81,90,4.1
489,Kaduqli,GB,2017-01-30 15:20:00,51.51,-0.13,281.15,81,90,4.1
490,Metro,GB,2017-01-30 15:20:00,51.51,-0.13,281.15,81,90,4.1
491,Sept-Iles,GB,2017-01-30 15:20:00,51.51,-0.13,281.15,81,90,4.1
492,Angoche,GB,2017-01-30 15:20:00,51.51,-0.13,281.15,81,90,4.1
493,Yaroslavskiy,GB,2017-01-30 15:20:00,51.51,-0.13,281.15,81,90,4.1
494,Hami,GB,2017-01-30 15:20:00,51.51,-0.13,281.15,81,90,4.1
495,Isabela,GB,2017-01-30 15:20:00,51.51,-0.13,281.15,81,90,4.1
496,Turayf,GB,2017-01-30 15:20:00,51.51,-0.13,281.15,81,90,4.1
497,El Balyana,GB,2017-01-30 15:20:00,51.51,-0.13,281.15,81,90,4.1
498,Namatanai,GB,2017-01-30 15:20:00,51.51,-0.13,281.15,81,90,4.1
499,Huarmey,GB,2017-01-30 15:20:00,51.51,-0.13,281.15,81,90,4.1
500,Huruta,GB,2017-01-30 15:20:00,51.51,-0.13,281.15,81,90,4.1
501,Christchurch,GB,2017-01-30 15:20:00,51.51,-0.13,281.15,81,90,4.1
502,Namikupa,GB,2017-01-30 15:20:00,51.51,-0.13,281.15,81,90,4.1
503,Montegranaro,GB,2017-01-30 15:20:00,51.51,-0.13,281.15,81,90,4.1
504,Okha,GB,2017-01-30 15:20:00,51.51,-0.13,281.15,81,90,4.1
505,Constitucion,GB,2017-01-30 15:20:00,51.51,-0.13,281.15,81,90,4.1
506,Bowen,GB,2017-01-30 15:20:00,51.51,-0.13,281.15,81,90,4.1
507,Amuntai,GB,2017-01-30 15:20:00,51.51,-0.13,281.15,81,90,4.1
508,Angoram,GB,2017-01-30 15:20:00,51.51,-0.13,281.15,81,90,4.1
509,Newport,GB,2017-01-30 15:20:00,51.51,-0.13,281.15,81,90,4.1
510,Southbridge,GB,2017-01-30 15:20:00,51.51,-0.13,281.15,81,90,4.1
511,Kenora,GB,2017-01-30 15:20:00,51.51,-0.13,281.15,81,90,4.1
512,Cayenne,GB,2017-01-30 15:20:00,51.51,-0.13,281.15,81,90,4.1
513,Nara,GB,2017-01-30 15:20:00,51.51,-0.13,281.15,81,90,4.1
514,Linchuan,GB,2017-01-30 15:20:00,51.51,-0.13,281.15,81,90,4.1
515,Kuche,GB,2017-01-30 15:20:00,51.51,-0.13,281.15,81,90,4.1
516,Zhigansk,GB,2017-01-30 15:20:00,51.51,-0.13,281.15,81,90,4.1
517,Celestun,GB,2017-01-30 15:20:00,51.51,-0.13,281.15,81,90,4.1
518,Karwar,GB,2017-01-30 15:20:00,51.51,-0.13,281.15,81,90,4.1
519,Wismar,GB,2017-01-30 15:20:00,51.51,-0.13,281.15,81,90,4.1
520,Lanzhou,GB,2017-01-30 15:20:00,51.51,-0.13,281.15,81,90,4.1
521,Ambodifototra,GB,2017-01-30 15:20:00,51.51,-0.13,281.15,81,90,4.1
522,San Rafael,GB,2017-01-30 15:20:00,51.51,-0.13,281.15,81,90,4.1
523,Birjand,GB,2017-01-30 15:20:00,51.51,-0.13,281.15,81,90,4.1
524,Visby,GB,2017-01-30 15:20:00,51.51,-0.13,281.15,81,90,4.1
525,Satitoa,GB,2017-01-30 15:20:00,51.51,-0.13,281.15,81,90,4.1
526,Beloha,GB,2017-01-30 15:20:00,51.51,-0.13,281.15,81,90,4.1
527,Baker City,GB,2017-01-30 15:20:00,51.51,-0.13,281.15,81,90,4.1
528,Barbar,GB,2017-01-30 15:20:00,51.51,-0.13,281.15,81,90,4.1
529,Ksenyevka,GB,2017-01-30 15:20:00,51.51,-0.13,281.15,81,90,4.1
530,Sao Filipe,GB,2017-01-30 15:20:00,51.51,-0.13,281.15,81,90,4.1
531,Minab,GB,2017-01-30 15:20:00,51.51,-0.13,281.15,81,90,4.1
532,Tiznit,GB,2017-01-30 15:20:00,51.51,-0.13,281.15,81,90,4.1
533,Vallenar,GB,2017-01-30 15:20:00,51.51,-0.13,281.15,81,90,4.1
534,Viedma,GB,2017-01-30 15:20:00,51.51,-0.13,281.15,81,90,4.1
535,Kumano,GB,2017-01-30 15:20:00,51.51,-0.13,281.15,81,90,4.1
536,Durusu,GB,2017-01-30 15:20:00,51.51,-0.13,281.15,81,90,4.1
537,Reefton,GB,2017-01-30 15:20:00,51.51,-0.13,281.15,81,90,4.1
538,Vyazemskiy,GB,2017-01-30 15:20:00,51.51,-0.13,281.15,81,90,4.1
539,Kununurra,GB,2017-01-30 15:20:00,51.51,-0.13,281.15,81,90,4.1
540,Yerofey Pavlovich,GB,2017-01-30 15:20:00,51.51,-0.13,281.15,81,90,4.1
541,Kloulklubed,GB,2017-01-30 15:20:00,51.51,-0.13,281.15,81,90,4.1
542,Linqu,GB,2017-01-30 15:20:00,51.51,-0.13,281.15,81,90,4.1
543,Axim,GB,2017-01-30 15:20:00,51.51,-0.13,281.15,81,90,4.1
544,Aksu,GB,2017-01-30 15:20:00,51.51,-0.13,281.15,81,90,4.1
545,Saquena,GB,2017-01-30 15:20:00,51.51,-0.13,281.15,81,90,4.1
546,Lavumisa,GB,2017-01-30 15:20:00,51.51,-0.13,281.15,81,90,4.1
547,Faya,GB,2017-01-30 15:20:00,51.51,-0.13,281.15,81,90,4.1
548,Djambala,GB,2017-01-30 15:20:00,51.51,-0.13,281.15,81,90,4.1
549,Harboore,GB,2017-01-30 15:20:00,51.51,-0.13,281.15,81,90,4.1
550,Kachug,GB,2017-01-30 15:20:00,51.51,-0.13,281.15,81,90,4.1
551,San Ramon,GB,2017-01-30 15:20:00,51.51,-0.13,281.15,81,90,4.1
552,Gat,GB,2017-01-30 15:20:00,51.51,-0.13,281.15,81,90,4.1
553,Ayagoz,GB,2017-01-30 15:20:00,51.51,-0.13,281.15,81,90,4.1
554,Rexburg,GB,2017-01-30 15:20:00,51.51,-0.13,281.15,81,90,4.1
555,Mecca,GB,2017-01-30 15:20:00,51.51,-0.13,281.15,81,90,4.1
556,Brae,GB,2017-01-30 15:20:00,51.51,-0.13,281.15,81,90,4.1
557,Osa,GB,2017-01-30 15:20:00,51.51,-0.13,281.15,81,90,4.1
558,Elbistan,GB,2017-01-30 15:20:00,51.51,-0.13,281.15,81,90,4.1
559,Camabatela,GB,2017-01-30 15:20:00,51.51,-0.13,281.15,81,90,4.1
560,Bahar,GB,2017-01-30 15:20:00,51.51,-0.13,281.15,81,90,4.1
561,Lumphat,GB,2017-01-30 15:20:00,51.51,-0.13,281.15,81,90,4.1
562,Spanish Town,GB,2017-01-30 15:20:00,51.51,-0.13,281.15,81,90,4.1
563,Gizo,GB,2017-01-30 15:20:00,51.51,-0.13,281.15,81,90,4.1
564,Sterling,GB,2017-01-30 15:20:00,51.51,-0.13,281.15,81,90,4.1
565,Ketchenery,GB,2017-01-30 15:20:00,51.51,-0.13,281.15,81,90,4.1
566,Tamiahua,GB,2017-01-30 15:20:00,51.51,-0.13,281.15,81,90,4.1
567,Ixtapa,GB,2017-01-30 15:20:00,51.51,-0.13,281.15,81,90,4.1
568,Werota,GB,2017-01-30 15:20:00,51.51,-0.13,281.15,81,90,4.1
569,Porto Tolle,GB,2017-01-30 15:20:00,51.51,-0.13,281.15,81,90,4.1
570,Santa Cruz De La Palma,GB,2017-01-30 15:20:00,51.51,-0.13,281.15,81,90,4.1
571,Diego De Almagro,GB,2017-01-30 15:20:00,51.51,-0.13,281.15,81,90,4.1
572,Kismayo,GB,2017-01-30 15:20:00,51.51,-0.13,281.15,81,90,4.1
573,Buenavista,GB,2017-01-30 15:20:00,51.51,-0.13,281.15,81,90,4.1
574,Villa Carlos Paz,GB,2017-01-30 15:20:00,51.51,-0.13,281.15,81,90,4.1
575,Sirajganj,GB,2017-01-30 15:20:00,51.51,-0.13,281.15,81,90,4.1
576,Pafos,GB,2017-01-30 15:20:00,51.51,-0.13,281.15,81,90,4.1
577,Longonjo,GB,2017-01-30 15:20:00,51.51,-0.13,281.15,81,90,4.1
578,Kutum,GB,2017-01-30 15:20:00,51.51,-0.13,281.15,81,90,4.1
579,Wahran,GB,2017-01-30 15:20:00,51.51,-0.13,281.15,81,90,4.1
580,Fortuna,GB,2017-01-30 15:20:00,51.51,-0.13,281.15,81,90,4.1
581,Calabozo,GB,2017-01-30 15:20:00,51.51,-0.13,281.15,81,90,4.1
582,Haian,GB,2017-01-30 15:20:00,51.51,-0.13,281.15,81,90,4.1
583,Firovo,GB,2017-01-30 15:20:00,51.51,-0.13,281.15,81,90,4.1
584,Taltal,GB,2017-01-30 15:20:00,51.51,-0.13,281.15,81,90,4.1
585,Ust-Kut,GB,2017-01-30 15:20:00,51.51,-0.13,281.15,81,90,4.1
586,Gunzenhausen,GB,2017-01-30 15:20:00,51.51,-0.13,281.15,81,90,4.1
587,Sosua,GB,2017-01-30 15:20:00,51.51,-0.13,281.15,81,90,4.1
588,Ambahta,GB,2017-01-30 15:20:00,51.51,-0.13,281.15,81,90,4.1
589,Kedougou,GB,2017-01-30 15:20:00,51.51,-0.13,281.15,81,90,4.1
590,Orlik,GB,2017-01-30 15:20:00,51.51,-0.13,281.15,81,90,4.1
591,Natal,GB,2017-01-30 15:20:00,51.51,-0.13,281.15,81,90,4.1
592,Ketchikan,GB,2017-01-30 15:20:00,51.51,-0.13,281.15,81,90,4.1
593,La Roche-Sur-Yon,GB,2017-01-30 15:20:00,51.51,-0.13,281.15,81,90,4.1
594,Kuliyapitiya,GB,2017-01-30 15:20:00,51.51,-0.13,281.15,81,90,4.1
595,Iwaki,GB,2017-01-30 15:20:00,51.51,-0.13,281.15,81,90,4.1
596,Damaturu,GB,2017-01-30 15:20:00,51.51,-0.13,281.15,81,90,4.1
597,Ponta Delgada,GB,2017-01-30 15:20:00,51.51,-0.13,281.15,81,90,4.1
598,Karpogory,GB,2017-01-30 15:20:00,51.51,-0.13,281.15,81,90,4.1
599,Mercedes,GB,2017-01-30 15:20:00,51.51,-0.13,281.15,81,90,4.1
600,Lubbock,GB,2017-01-30 15:20:00,51.51,-0.13,281.15,81,90,4.1
601,Mastic Beach,GB,2017-01-30 15:20:00,51.51,-0.13,281.15,81,90,4.1
602,Conceicao Do Araguaia,GB,2017-01-30 15:20:00,51.51,-0.13,281.15,81,90,4.1
603,Manassas,GB,2017-01-30 15:20:00,51.51,-0.13,281.15,81,90,4.1
604,Peniche,GB,2017-01-30 15:20:00,51.51,-0.13,281.15,81,90,4.1
605,Juba,GB,2017-01-30 15:20:00,51.51,-0.13,281.15,81,90,4.1
606,Roma,GB,2017-01-30 15:20:00,51.51,-0.13,281.15,81,90,4.1
607,Aden,GB,2017-01-30 15:20:00,51.51,-0.13,281.15,81,90,4.1
608,Zhigalovo,GB,2017-01-30 15:20:00,51.51,-0.13,281.15,81,90,4.1
609,Qaqortoq,GB,2017-01-30 15:20:00,51.51,-0.13,281.15,81,90,4.1
610,Michigan City,GB,2017-01-30 15:20:00,51.51,-0.13,281.15,81,90,4.1
611,Snasa,GB,2017-01-30 15:20:00,51.51,-0.13,281.15,81,90,4.1
